lemma;significato;categoria;note
αάατος/ον;Inviolabile, Difficile, Decisivo, Invincibile;Aggettivo;Seconda classe, Alfa privativo
ααγής/ές;Infrangibile, Solido, Forte;Aggettivo;Seconda classe, Alfa privativo
αάζω;Esalo, Respiro;Verbo;Alfa privativo
άανθα,η;Orecchino;Sostantivo;Prima declinazione, Alfa privativo
άαπτο/ονς;Irresistibile, Tremendo, Invincibile, Temibile;Aggettivo;Seconda classe, Alfa privativo
άας;Domani;Avverbio;Arcaico
αασμός/οῦ,ο;Esalazione, Respiro;Sostantivo;Seconda declinazione
άατος/ον;Insaziabile, Dannoso, Funesto;Aggettivo;Prima classe, Alfa privativo
αάω;Acceco, Sconvolgo la mente, Danneggio, inganno;Verbo;Verbo contratto
άβαι/ῶν,αι;Aba;Sostantivo;Prima declinazione, Ninfa
αβαθής/ές;Senza profondità,Aggettivo;Seconda classe, Alfa privativo
άβαθροςον;Senza Base;aggettivo;Seconda classe, Alfa privativo
αβακέω;Ignoro, Non riconosco;Verbo;Verbo contratto
αβακής/ές;Semplice, Quieto;Aggettivo;Seconda classe
αβάκιον/ου,τό;Tavoletta;Sostantivo;Seconda declinazione
αβακίκος/ου,ο;Quadrello;Sostantivo;Seconda declinazione
αβακοειδής/ές;Simile a una tavoletta/abaco;Aggettivo;Seconda classe
άβακτος/ον;Non felice;Aggettivo;Prima classe, Alfa privativo
αβάκχευτος/ον;Non iniziato ai misteri di Bacco, Senza ebrezza;Aggettivo;Prima classe, Alfa privativo
αβάλε;Voglia Dio!;Interiezione;Arcaico
αβαμβάκεθτος/ον;Non preparato, Non condito;Aggettivo;Prima classe, Alfa privativo
αβάναυσος/ον;Non rozzo, Gentile;Aggettivo;Prima classe, Alfa privativo
αβάναθσως;Con gentilezza/generosità;Avverbio;Alfa privativo
Άβαντες/ων,οι;Abanti;Sostantivo;Terza Declinazione, Popolo
Αβαντίς/ίδος,η;Terra degli Abanti, Eubea;Sostantivo;Terza declinazione
Αβαντία/ας,η;Abantia;Sostantivo;Terza Declinazione
Αβαντιάδης/ου,ο;Discendente di Abante;Sostantivo;Prima declinazione
Αβαντίδας/ου,ο;Abantida;Sostantivo;Prima declinazione
άβαξ/ακος,ο;Tavoletta, Tavola da gioco, Piatto, Abaco;Sostantivo;Terza declinazione
αβάπτιστος/ον;Inaffondabile;Aggettivo;Prima Classe, Alfa privativo
Αβαρβαρέη/ης,η;Abarbarea;Sostantivo;Prima declinazione, Ninfa
αβαρβαρίστως;Senza barbarismi;Avverbio;Alfa privativo
αβαρής/ές;Non gravoso, Leggero, Non molesto;Aggettivo;Seconda classe, Alfa privativo
Άβαρις/ιδος,ο;Abari;Sostantivo;Terza declinazione, Sacerdote di Apollo
Αβαρνίς/ίδος,η;Abarnide;Sostantivo;Terza declinazione, Città
Άβας/αντος,ο;Abante;Sostantivo;Terza declinazione
αβασάνιστος/ον;Non provato, Senza investigazione;Aggettivo;Prima classe, Alfa privativo
αβασίλευτος/ον;Senza re, Independente, Senza regime;Aggettivo;Prima classe, Alfa privativo
αβάσκανος/ον;Libero da invidia/gelosia;Aggettivo;Prima classe, Alfa privativo
Αβασκαντίς/ίδος,η;Abascantide;Sostantivo;Terza declinazione
αβάστακτος/ον;Insopportabile, Insostenibile;Aggettivo;Prima classe, Alfa privativo
άβατον/ου,τό;Abato, Luogo Inaccessibile;Sostantivo;Seconda declinazione, Parte del tempio
άβατος/ον;Impraticabile, Inaccessibile, Sacro, Puro;Aggettivo;Prima classe, Alfa privativo
αβατόω;Rendo deserto, Devasto;Verbo;Verbo contratto
Αβάυχας/ου,ο;Abauca;Sostantivo;Prima declinazione, Capo delle popolazioni nomadi Sciite
αβαφής/ές;Non imbevuto, Non tinto;Aggettivo;Seconda classe, Alfa privativo
αββᾶ,ο;Abba --> Padre;Sostantivo;Prima declinazione, Parola Aramaica, Indeclinabile
Άβγαρος/ου,ο;Abgaro;Sostantivo;Seconda declinazione, Nome di re della città di Bessa
αβδέλυκτος/ον;Non detestabile;Aggettivo;Prima classe, Alfa privativo
Άβδηρα/ων,τά;Abdera;Sostantivo;Seconda declinazione, Città
Αβδηρίτης/ου,ο;Di Abdera, Abderite;Sostantivo;Prima declinazione
Αβδεριτικός/ή/όν;Da Abderitano --> Sciocco;Aggettivo;Prima classe, Abdera era considerata una città di sciocchi/stupidi
Αβδερῖτις/ίτιδος,η;Abderita, Territorio di Abdera;Sostantivo;Terza declinazione, Usato anche per dire una donna di Abdera
Αβδερόθεν;Da Abdera;Avverbio;
άβδης,η;Frusta;Sostantivo;Prima declinazione, Parola Punica/Semitica, Indeclinabile
αβέβαιος/ον;Instabile, Incerto;Aggettivo;Prima classe, Alfa privativo
αβεβαίων;Incostantemente;Avverbio;Alfa privativo
αβεβαιότης/ητος,η;Instabilità;Sostantivo;Terza declinazione, Alfa privativo
αβέβηλος/ον;Inviolabile, Sacro;Aggettivo;Seconda classe, Alfa privativo
αβελτερία/ας,η;Ignoranza;Sostantivo;Prima declinazione
αβέλτερος/α/ον;Stolto, Sciocco;Aggettivo;Prima classe
αβελτέρως;Scioccamente;Avverbio;
Αβεντῖνον/ου,τό;Aventino;Sostantivo;Seconda declinazione, Uno dei sette Colli di Roma
αβίαστος/ον;Non costretto, Forte;Aggettivo;Prima classe, Alfa privativo
αβιάστως;Senza costrizione, Libero;Avverbio;Alfa privativo
αβίβλαβον/ου,τό;Giglio;Sostantivo;Seconda declinazione, Parola Punica/Fenicia
αβίβλης/ης,η;Privo di libri;Sostantivo;Prima declinazione, Alfa privativo
Άβιλα/ων,τά;Abila;Sostantivo;Seconda declinazione, Gruppo di città del Periodo Ellenico
Αβιληνή/ῆς,η;Abilene, Territorio di Abila;Sostantivo;Prima declinazione, Regione della Siria
Αβίλλιος/ου,ο;Avillio;Sostantivo;Seconda declinazione, Nome di un vescovo di Alessandria d'Egitto
Άβιοι/ων,οι;Abii;Sostantivo;Seconda declinazione, Popolo Sciita nomade
Αβισάρης,ο;Abisare;Sostantivo;Prima declinazione, Re indiano della regione Kashmir
αβιωτοποιός/όν;Che rende la vita insopportabile;Aggettivo;Prima classe
αβίωτος/ον;Insopportabile;Aggettivo;Prima classe
αβιώτως;Senza speranza di vita;Avverbio;
αβλάβεια/ας,η;Innocenza;Sostantivo;Prima declinazione
αβλαβής/ές;Innocuo;Aggettivo;Seconda classe, Alfa privativo
αβλαβῶς;Innocentemente;Avverbio;Alfa privativo
Αβλάβιος/ου,ο;Ablabio;Sostantivo;Seconda declinazione, Funzionario Romano
αβλαστέω;Non germoglio;Verbo;Verbo contratto
αβλαστής/ές;Che non germoglia;Aggettivo;Seconda classe
αβλασφήμητος/ον;Non maledetto;Aggettivo;Prima classe, Alfa privativo
άβλαυτος/ον;Scalzo;Aggettivo;Seconda classe, Alfa privativo
αβλεμής/ές;Senza forza, Debole;Aggettivo;Seconda classe, Alfa privativo
αβλεμέως;Senza moderazione;Avverbio;Alfa privativo
αβλεννής/ές;Non mucoso;Aggettivo;Seconda classe,Alfa privativo
αβλεπτέω;Non vedo, Chiudo gli occhi su;Verbo;Alfa privativo, Verbo contratto
αβλέπτημα/τος,τό;Errore, Delitto;Sostantivo;Terza declinazione
αβλέφαρος/ον;Senza palpebre/ciglia;Aggettivo;Prima classe, Alfa privativo
αβλεψία/ας,η;Cecità;Sostantivo;Prima declinazione
Άβληρος/ου,ο;Ablero;Sostantivo;Seconda declinazione
αβλής/ῆτος;Non gettato/usato;Aggettivo;Seconda classe, Alfa privativo
άβλητος/ον;Non colpito/ferito;Aggettivo;Prima classe, Alfa privativo
αβληχής/ές;Senza belati;Aggettivo;Seconda classe, Alfa privativo, Riferito al verso della pecora
αβλήχμων/ον;Ottuso, Stupido;Aggettivo;Seconda classe
αβληχρός/α/ον;Debole, Delicato;Aggettivo;Prima classe, Alfa privativo
αβλίμαστος/ου;Intatto;Aggettivo;Seconda classe, Alfa privativo
αβοατί;Spontaneamente, Senza essere chiamati;Avverbio;
αβοηθησία/ας,η;Mancanza d'aiuto;Sostantivo;Prima declinazione, Alfa privativo
αβοήθητος/ον;Senza soccorso, Abbandonato, Irrimediabile;Aggettivo;Prima classe, Alfa privativo
αβοηθήτως;Irrimediabilmente;Avverbio;Alfa privativo
αβόητος/ον;Senza grida, Muto;Aggettivo;Prima classe, Alfa privativo
Αβοιώκριτος/ου,ο;Abeocrito;Sostantivo;Seconda declinazione
αβολέω;Riunisco, Incontro;Verbo;Alfa privativo, Verbo contratto
αβολητύς/ύος,η;Incontro;Sostantivo;Terza declinazione
αβολήτωρ/ωρος,ο;Testimone;Sostantivo;Terza declinazione
άβολος/ον;Giovane cavallo, Colui che non ha perduto i primi denti;Aggettivo;Prima classe, Alfa privativo
Άβολος/ου,ο;Abolo;Sostantivo;Seconda declinazione, Uno dei figli di Eolo
αβόρβορος/ον;Senza melma;Aggettivo;Seconda classe, Alfa privativo
αβοσκής/ές;Digiuno;Aggettivo;Prima classe, Alfa privativo
αβόσκητος/ον;Dove non si pascola, Senza pascolo;Aggettivo;Prima classe, Alfa privativo
αβότανος/ον;Senza erbe;Aggettivo;Prima classe
άβoτος/ον;Senza pascoli;Aggettivo;Prima classe, Alfa privativo
αβουκόλετος/ον;Trascurabile, Trascurato;Aggettivo;Prima classe, Alfa privativo
αβουλέι;Sconsideratamente;Avverbio;
αβουλέω;Non voglio, Disapprovo;Verbo;Verbo contratto
αβουλησία/ας,η;L'operare contro voglia;Sostantivo;Prima declinazione
Αβουλήτης/ου,η;Abulite;Sostantivo;Prima declinazione
αβούλητος/ον;Involontario;Aggettivo;Prima classe, Alfa privativo
αβουλήτως;Involontariamente;Avverbio;Alfa privativo
αβουλία/ας,η;Sconsideratezza, Indecisione, Stupidità;Sostantivo;Prima declinazione
άβουλος/ον;Sconsiderato, Stolto;Aggettivo;Prima classe, Alfa privativo
αβούλως;Sconsideratamente;Avverbio;Alfa privativo
αβούτης/ου;Senza buoi, Povero;Aggettivo;Seconda classe, Alfa privativo
άβρα/ας,η;Giovane serva;Sostantivo;Prima declinazione
Αβραάμ,ο;Abramo;Sostantivo;Indeclinabile
Αβραδάτας/ου,ο;Abradata;Sostantivo;Prima declinazione, Re persiano di Susa
αβραμίς,η;Regina, Muggine;Sostantivo;Terza declinazione, Muggine è un pesce del Nilo
αβρίζομαι;Mi tratto delicatamente;Verbo;Medio deponente
αβριθής/ές;Leggero;Aggettivo;Seconda classe
άβρικτος/ον;Desto;Aggettivo;Prima classe
αβρίξ;Da sveglio;Avverbio;
αβροβάτης/ου;Di andatura molle/effeminata, Delicato;Aggettivo;Seconda classe
αβρόβιος/ον;Di vita molle/effeminata;Aggettivo;Prima classe
αβρόγοος/ον;Che fa lamenti molli/da donna;Aggettivo;Prima classe
αβρόδαις/αιτος;Di delicate vivande;Aggettivo;Seconda classe
αβροδίαιτα/ης,η;Vita molle;Sostantivo;Prima declinazione
αβροδιαιτάομαι;Vivo mollemente;Verbo;Medio deponente
αβροδίαιτος/ον;Di vita molle/effeminata;Aggettivo;Prima classe
αβροδιαίτως;Dalla vita molle;Avverbio;
αβροείμων/ονος;Delicatamente vestito;Aggettivo;Seconda classe
Αβροζέλμης/ου;Abrozelme;Sostantivo;Prima declinazione, Interprete e messaggero del re persiano Seute II
Αβρόθοος/ου,ο;Abrotoo;Sostantivo;Seconda declinazione, Colui che corre con grazia/eleganza
Άβροια/ας;Abrea;Sostantivo;Prima declinazione, La persona che possiede la grazia
αβρόκαρπος/ον;Che porta delicati frutti;Aggettivo;Prima classe
Αβροκόμας/α,ο;Abrocoma;Sostantivo;Prima declinazione, Colui dall morbida chioma
αβροκομάω;Ho una splendida chioma, Curo con eleganza i capelli;Verbo;
αβροκόμης/ου;Dall'ampia chioma;Aggettivo;Seconda classe
αβρομία/ας,η;Silenzio, Tenebre;Sostantivo;Prima declinazione, Alfa privativo
αβρόμιος/ον;Senza vino, Astemio;Aggettivo;Prima classe, Alfa privativo
αβρομίτρης/ου;Dallo splendente diadema;Aggettivo;Seconda classe
άβρομος/ον;Fragoroso, Che fa strepito;Aggettivo;Prima classe, Alfa privativo
αβροπάρθενος/ον;Di delicate fanciulle;Aggettivo;Prima classe
αβροπέδιλος/ον;Delicatamente calzato;
αβροπενθής/ές;Che si abbandona a un molle dolore;Aggettivo;Seconda classe
αβρόπηνος/ον;Di delicato tessuto;Aggettivo;Prima classe
αβρόπλουτος/ον;Rigogliosa;Aggettivo;Prima classe, Riferito a chioma
αβρόπυος/ποδος;Dai piedi delicati;Aggettivo;Seconda classe
αβρός/ά/όν;Delicato, Splendido, Effeminato;Aggettivo;Prima classe
αβρῶς;Delicatamente;Avverbio;
αβρόσιτος/ον;Dai cibi delicati;Aggettivo;Prima classe
αβροσταγής/ές;Mollemente profumato;Aggettivo;Seconda classe
αβρόσφυρος/ον;Dalle delicate caviglie;Aggettivo;Prima classe
αβροτάζω;Mi smarrisco;Verbo;
αβρότης/ητος,η;Splendore, Effeminatezza, Soave;Sostantivo;Prima declinazione
αβρότιμος/ον;Delicato, Fine;Aggettivo;Prima classe
αβρότονον/ου,τό;Abrotano;Sostantivo;Seconda declinazione, Erba vegetale
αβροτόνινος/η/ον;Di abrotano;Aggettivo;Prima classe
Αβρότονον/ου,η;Abrotono;Sostantivo;Seconda declinazione
άβροτος/ον;Immortale, Sacro, Deserto;Aggettivo;Prima classe, Alfa privativo
αβροφυής/ές;Di natura delicata;Aggettivo;Seconda classe
αβροχαίτης/ου;Dalla molle chioma;Aggettivo;Seconda classe
αβροχία/ας,η;Siccità;Sostantivo;Prima declinazione, Alfa privativo
αβροχέω;Non sono irrigato/inondato;Verbo;Alfa privativo, Verbo contratto
αβροχίτων/ωνος;Mollemente vestito/coperto;Aggettivo;Seconda classe
άβροχος/ον;Non bagnato, Arido;Aggettivo;Prima classe, Alfa privativo
άβρυνα,τά;More;Sostantivo;Seconda declinazione, Frutto
αβρυντής/οῦ,ο;Cascamorto, Delicatino;Sostantivo;Prima declinazione, Nomi scherzosi di Corteggiatore
αβρύνω;Redno effeminato, Tratto delicatamente, Adorno;Verbo;Significato al Medio --> Mi orno/pavoneggio, Vivo mollemente
άβρωμος/ον;Non fetido;Aggettivo;Prima classe, Alfa privativo
Άβρων/ωνος,ο;Abrone;Sostantivo;Terza declinazione, Grammatico Greco ai tempi di Augusto
αβρώς/ῶτος;Non divorato;Aggettivo;Seconda classe, Alfa privativo
αβρωσία,η;Digiuno, Fame;Sostantivo;Prima declinazione, Alfa privativo
άβρωτος/ον;Digiuno, Non mangiato/commestibile;Aggettivo;Prima classe, Alfa privativo
Αβρώτη,η;Abrota;Sostantivo;Prima declinazione, Regina mitologica di Megara
Άβυδος/ου,η;Abido;Sostantivo;Seconda declinazione, Città dell'Antico Egitto
Αβυδόθεν;Da Abido;Avverbio;Moto da Luogo
Αβυδόθι;Ad Abido;Avverbio;Stato in Luogo, Locativo
Αβυδηνός/ή/όν;Di Abido, Abideno;Aggettivo;Prima classe
Αβυδοκόμης/ου,ο;Abidocome;Sostantivo;Prima declinazione, Soprannome di Sicofanti e Parassiti
άβυθος/ον;Senza fondo, Profondissimo;Aggettivo;Prima classe, Alfa privativo
αβύρσευτος/ον;Non conciato;Aggettivo;Prima classe, Alfa privativo
αβυρτάκη/ης,η;Aburtache;Sostantivo;Prima declinazione, Una sorta di Salsa piccante
αβυρτακοποιός,ο;Chi fa l'Aburtache;Sostantivo;Seconda declinazione
άβυσσος/ον;Senza fondo, Infinito, Immenso, Incommensurabile;Aggettivo;Prima classe, Alfa privativo
αβωλόκοπος/ον;Non lavorato con l'erpice;Aggettivo;Prima classe, Alfa privativo
άβωλος/ον;Senza terra, Purgato;Aggettivo;Prima classe, Alfa privativo
αγάζηλος/ον;Invidioso;Aggettivo;Prima classe
αγάζω;Sopporto a malincuore;Verbo;Significato al Medio --> Onoro, Venero, Ammiro
αγαθάγγελος/ον;Che porta buone notizie;Aggettivo;Prima classe
αγαθάνωρ/ορος,ο;Agatanore;Sostantivo;Terza declinazione, Figlio del Marmista Architele
αγαθαρχία/ας,η;Principio del bene;Sostantivo;Prima declinazione
αγαθαρχικός/ή/όν;Che è principio del bene;Aggettivo;Prima classe
Αγάθαρχος/ου,ο;Agatarco;Sostantivo;Seconda declinazione, Pittore Greco
Αγαθαρχίδας/ου,ο;Agatarchide;Sostantivo;Seconda declinazione, Storico e Geografo Greco
Αγαθαρχίς/ίδος;Agatarchide;Sostantivo;Prima declinazione, Storico e Geografo Greco
Αγαθήμερος/ου,ο;Agatemero;Sostantivo;Seconda declinazione, Geografo Greco
Αγαθίας/ου,ο;Agatia;Sostantivo;Prima declinazione, Poeta e Storico Bizantino
Αγαθήιος/ον;Di Agatia;Aggettivo;Prima classe
Αγαθῖνος/ου,ο;Agatino;Sostantivo;Seconda declinazione, Scultore Greco, Medico di Sparta
Αγαθίππη/ης,η;Agatippe;Sostantivo;Prima declinazione, Un'amante del Dio Apollo
αγαθίς/ίδος,η;Gomitolo;Sostantivo;Terza declinazione
αγαθίδιον,τό;Piccolo gomitolo;Sostantivo;Terza declinazione
Αγαθόβουλος/ου,ο;Agatobulo;Sostantivo;Seconda declinazione, Filosofo greco dell'Età Ellenistica
αγαθοβρυσία/ας,η;Sorgente, Abbondanza dei beni;Sostantivo;Prima declinazione
αγαθογονία/ας,η;Creazione del bene;Sostantivo;Prima declinazione
αγαθοδαιμονισταί/ῶν,οι;Devoti al buon genio;Sostantivo;Prima declinazione
αγαθοδαίμων/ονος,ο;Buon genio;Sostantivo;Terza declinazione
αγαθοδαιμονέω;Occupo la case del buon genio;Verbo;
αγαθοδοσία/ας,η;Il dare il bene;Sostantivo;Prima declinazione
αγαθοδότης/ου,ο;Datore di beni;Sostantivo;Prima declinazione
αγαθοειδής/ές;Che ha apparenza di bene;Aggettivo;Seconda classe
αγαθοειδῶς;In modo buono;Avverbio;
αγαθοεργέω;Opero bene, Benefico;Verbo;Verbo contratto
αγαθοεργία/ας,η;Il fare bene, Benificio;Sostantivo;Prima declinazione
αγαθοεργός/οῦ,ο;Benefico, Ben operante;Sostantivo;Seconda declinazione
αγαθοθέλεια/ας,η;Desiderio del bene;Sostantivo;Prima declinazione
Αγαθοκλῆς/έους,ο;Agatocle;Sostantivo;Terza declinazione, Tiranno di Siracusa dal 361 al 289 a.C.
Αγαθόκλεια/ας,η;Agatoclea;Sostantivo;Prima declinazione
Αγαθόνικος/ου,ο;Agatonico;Sostantivo;Seconda declinazione, Martire cristiano canonizzato protettore del 21 Agosto
αγαθοποιέω;Faccio bene, Giovo, Benefico;Verbo;Verbo contratto
αγαθοποιία/ας,η;Beneficenza, Opera benefica;Sostantivo;Prima declinazione
αγαθοποιός/ον;Benefico, Che opera bene;Aggettivo;Prima classe
αγαθοπρεπής/ές;Che conviene al bene, Benigno;Aggettivo;Seconda classe
αγαθοπρεπῶς;In modo conveniente al bene;Avverbio;
αγαθόρρυτος/ον;Fonte di bene;Aggettivo;Prima classe
αγαθός/ή/όν;Bello, Onesto, Propizio, Abile;Aggettivo;Prima classe, "καλοκαγαθία" --> Correlazione tra la bellezza esteriore con quella interiore e viceversa
αγαθῶς;Bene;Avverbio;
αγαθότης/ητος,η;Bontà;Sostantivo;Terza Declinazione
αγαθότυπος/ον;Bellissimo;Aggettivo;Prima classe
αγαθοτυχέω;Abito la case della buona fortuna;Verbo;
αγαθουργικός/ή/όν;Benefico;Aggettivo;Prima classe
αγαθοφανής/ές;Buono all'apparenza;Aggettivo;Seconda classe
αγαθοφιλής/ές;Amante del bene;Aggetivo;Seconda classe
αγαθόφρων/ον;Di buona intenzione;Aggettivo;Seconda classe
αγαθοφυής/ές;Di buona indole;Aggettivo;seconda classe
αγαθόω;.Rendo buono, Miglioro, Benefico;Verbo;
αγαθύνω;Benefico, Orno, Onoro, Rallegro;Verbo;
Αγάτυρσος/ου,ο;Agatirso;Sostantivo;Seconda declinazione, Uno dei figli di Ercole
αγάθωμα,τό;Il bene;Sostantivo;Seconda declinazione, Personificazione
Αγάθον/ωνος,ο;Agatone;Sostantivo;Terza declinazione, Figlio di Priamo
Αγαθώνυμος/ου,ο;Agatonimo;Sostantivo;Seconda declinazione
αγαθοσύνη/ης,α;Bontà, Benevolenza;Sostantivo;Prima declinazione
αγαίομαι;Sono irritato, Sono stupito, Ammiro;Verbo;Medio deponente
αγαῖος/ία/ῖον;Ammirabile, Invidiabile;Aggettivo;Prima classe
Αγαῖος,ο;Ageo;Sostantivo;Seconda declinazione
αγακλεής/ές;Celeberrimo, Famoso, Glorioso;Aggettivo;Seconda classe
αγακλεῶς;Gloriosamente;Avverbio;
Αγακλεής/ῆος,ο;Agacleo;Sostantivo;Terza Declinazione; Uno dei Mirmidoni
αγακλειτός/ή/όν;Famoso, Celebre, Illustre;Aggettivo;Prima classe
αγακλυμένη;Celeberrima;Aggettivo;Arcaico
αγακλυτός/ή/όν;Illustre, Famoso;aggettivo;Prima classe
αγαλακτία/ας,η;Mancanza di latte;Sostantivo;Prima declinazione
αγάλακτος/ον;Senza latte, Svezzato;Aggettivo;Prima classe
αγαλακτοσύνη/ης,η;Consanguineità;Sostantivo;Prima declinazione
αγαλλίασις/εως,η;Esultanza;Aggettivo;Seconda classe
αγάλλοχον/ου,τό;Legno di Aloe;Sostantivo;Seconda declinazione, Un legno aromatico proveniente dall'India usato per incensi, profumi e a scopo medicinale
αγάλλω;Onoro, Celebro;Verbo;Significato al Medio --> Mi compiaccio, Esulto
άγαλμα/τος,τό;Ornamento, Statua;Sostantivo;Terza declinazione
αγαλματίας/ου,ο;Bello come una statua;Sostantivo;Prima declinazione
αγαλμάτιον/ου,τό;Statuetta, Immaginetta;Sostantivo;Seconda declinazione
αγαλματογλύφος/ου,ο;Scultore;Sostantivo;Seconda declinazione
αγαλματοποιέω;Faccio statue;verbo;Verbo contratto
αγαλματοπιία,η;Arte statuaria, Scultura;Sostantivo;Prima declinazione
αγαλματοποιός/οῦ,ο;Scultore;Sostantivo;Seconda declinazione
αγαλματοποιϊκός/ή/όν;Per fare statue;Aggettivo;Prima classe
αγαλματοπώλης/ου,ο;Venditore di immagini;Sostantivo;Prima declinazione
αγαλματουργός/οῦ,ο;Scultore;Sostantivo;Seconda declinazione
αγαλματουργικός/ή/όν;Scultorio;Aggettivo;Prima classe
αγαλματοφορέω;Porto nel cuore l'immagine;Verbo;Verbo contratto
αγαλματόω;Muto in statua;Verbo;Verbo contratto
αγαλμοειδής/ές;Bello come una statua;Aggettivo;Seconda classe
αγαλμοτυπεύς,ο;Scultore;Sostantivo;Terza declinazione
άγαλμαι;Guardo attonito, Ammiro, Invidio, Mi adiro;Verbo;Medio deponente
Αγαμέμνων/ονος,ο;Agamennone;Sostantivo;Terza declinazione, Re miceneo e Capo della spedizione greca presso Troia/Ilio
Αγαμεμνόνεος/α/ον;Di Agamennone;Aggettivo;Prima classe
Αγαμεμνονίδης/ου,ο;Figlio di Agamennone;Sostantivo;Prima declinazione
αγαμένως;Con riverenza/ammirazione/piacere;Avverbio;
Αγαμήδη/ης,η;Agamede;Sostantivo;Prima declinazione
Αγαμήδης/ους,ο;Agamede;Sostantivo;Terza declinazione
Αγαμήστωρ/ορος,ο;Agamestore;Sostantivo;Terza declinazione
αγαμία,η;Celibato;Sostantivo;Prima declinazione
άγαμος/ον;Celibe;Aggettivo;Prima classe
άγαν;Molto, Assai, Troppo;Avverbio;
αγανακτέω;Sono eccitato/irritato, Irrito, Mi adiro;Verbo;Verbo contratto 
αγανάκτησις/εως,η;Infiammazione, Irritazione;Sostantivo;Terza declinazione
αγανακτητικός/ή/όν;Intollerante, Irritabile;Aggettivo;Prima classe
αγανακτητός/ή/όν;Irritante;Aggettivo;Prima classe
αγανακτικῶς;Con irritazione;Avverbio;
Αγάνιππος,ο;Aganippo;Sostantivo;Seconda declinazione
Αγανίππη,η;Aganippe;Sostantivo;Prima declinazione, Fonte sul monte Elicona
αγάνιφος/ον;Coperto di molta neve, Nevoso;Aggettivo;Prima classe
αγανοβλέφαρος/ον;Dal dolce sguardo;Aggettivo;Prima classe
αγανός/ή/όν;Amabile, Dolce, Mite;Aggettivo;Prima classe
αγανῶπις/ιδος,η;Dal dolce sguardo;Sostantivo;Terza declinazione
αγανῶς;Benignamente, Dolcemente;Avverbio;
αγάνωτος/ον;Non stagnato;Aggettivo;Prima classe
αγάομαι;Ammiro, Mi meraviglio, Invidio;Verbo;Medio Deponente
αγαπάζω;Tratto con affetto;Verbo;
Αγαπαῖος,ο;Agapeo;Sostantivo;Seconda declinazione
αγαπάω;Tratto con affetto, Sono contento di, Accolgo con amore;Verbo;Verbo contratto
αγάπη/ης,η;L'amore incondizionato;Sostantivo;Prima declinazione
αγάπημα/τος,το;Oggetto d'affezzione;Sostantivo;Terza declinazione
αγαπήνωρ/ορος;Virile, Coraggioso;Aggettivo;Seconda classe
Αγαπήνωρ,ο;Agapenore;Sostantivo;Terza declinazione
αγάπησις/εως,η;Affezzione, Amore;Sostantivo;Terza declinazione
αγαπητέος/έα/έον;Che deve essere tenuto caro;Aggettivo;Prima classe
αγαπητικός/ή/όν;Affettuoso;Aggettivo;Prima classe
αγαπητός/ή/όν;Amato, Amabile, Desiderato;Aggettivo;Prima classe
Αγαπωμενός/οῦ,ο;Agapomeno;Sostantivo;Seconda declinazione
Άγαρ,η;Agar;Sostantivo;Indeclinabile, Schiava di Abramo e madre di Ismaele
Αγαραῖοι,οι;Discendenti di Agar;Sostantivo;Indeclinabile
Αγαρηνός,ο;Agareno, Discendente di Agar;Sostantivo;Indeclinabile
αγαρικόν/οῦ,τό;Agarico;Sostantivo;Seconda declinazione, Vasto genere di Funghi → Comprende anche lo Champignon
Άγαροι,οι;Agari;Sostantivo;Indeclinabile, Popolo sciita
Αγαρίστη/ης,η;Agariste;Sostantivo;Prima declinazione, Madre di Pericle → Governatore di Atene dopo Efialte
Άγαρρα,η;Agarra;Sostantivo;Indeclinabile, Regione montuosa vicino all'Armenia
Αγαρρικός,ο;Di Agarra;Sostantivo;Indeclinabile
αγάρρους/ουν;Che scorre veloce, Impetuoso;Aggettivo;Prima classe
αγασθενής/ές;Molto forte;Aggettivo;Seconda classe
Αγασθένης/ους,ο;Agastene;Sostantivo;Terza declinazione
Αγασίας/ου,ο;Agasia;Sostantivo;Prima declinazione,
Αγασικλῆς/έους,ο;Agasicle;Sostantivo;Terza declinazione
άγασμα/τος,το;Oggetto di ammirazione/venerazione;Sostantivo;Terza declinazione
αγάσταχυς/υος;Ricco di spighe;Aggettivo;Seconda classe
αγάστονος/ον;Che geme/grida/risuona fortemente;Aggettivo;Prima classe
αγαστός/ή/όν;Mirabile, Ammirevole;Aggettivo;Prima classe
αγαστῶς;Ammirevolmente;Avverbio;
Αγάστροφος/ου,ο;Agastrofo;Sostantivo;Seconda declinazione
αγάστωρ/ορος;Fratello;Sostantivo;Terza declinazione
αγασυλλίς/ίδος,η;Agasillide;Sostantivo;Terza declinazione, Un tipo di pianta
αγάσυρτος/ου,ο;Sporco;Sostantivo;Seconda declinazione
Αγαυή,ῆς,η;Agave;Sostantivo;Prima declinazione, Una delle Nereidi
αγαυός/ή/όν;Ammirevole, Illustre, Glorioso, Splendido;Aggettivo;Prima classe
Αγαυός/οῦ,ο;Agavo;Sostantivo;Seconda declinazione
αγαυρίαμα/τος,τό;Insolenza;Sostantivo;Terza declinazione
αγαυρός/ά/όν;Superbo, Splendido;Aggettivo;Prima classe
αγάφθεγκτος/ον;Molto risonante;Aggettivo;Prima classe
Άγβαλος/ου,ο;Agbalo;Sostantivo;Seconda declinazione
Άγγαισοι/ων,οι;Angesi;Sostantivo;Seconda declinazione, Popolo italiano
άγγαρα/ων,τά;Stazione, Fermata;Sostantivo;Seconda declinazione, Pluralia tantum
αγγαρεία/ας,η;Ufficio del corriere, Notizia;Sostantivo;Prima declinazione
αγγαρευτής/οῦ,ο;Chi ha/spedisce un corriere;Sostantivo;Prima declinazione
αγγαρεύω;Spedisco un corriere, Costringo a un lavoro;Verbo;
αγγαρήιος,ο;Corriere;Sostantivo;Seconda declinazione
αγγαρήιον,τό;Servizio di corriere;Sostantivo;Seconda declinazione
άγγαρος/ου,ο;Corriere a cavallo;Sostantivo;Seconda declinazione
αγγειολογέω;Discorro delle vene;Verbo;Verbo contratto
αγγεῖον/ου,τό;Vaso, Recipiente, Vena, Arteria;Sostantivo;Seconda declinazione
αγγειοτομία,η;Sezione della vena;Sostantivo;Prima declinazione
αγγειώδης/ες;Simile a un vaso;Aggettivo;Seconda classe
αγγελία/ας,η;Annuncio, Avviso, Messaggio, Ordine;Sostantivo;Prima declinazione
αγγελιαφόρος/ου,ο;Messaggero;Sostantivo;Seconda declinazione
αγγελικός/ή/όν;Riguardante il messaggero, Angelico;Aggettivo;Prima classe
αγγελικῶς;Angelicamente;Avverbio;
αγγελιώτης/ου,ο;Messaggero;Sostantivo;Prima declinazione
αγγελιῶτις/ιδος,η;Messaggera;Sostantivo;Terza declinazione
αγγέλλω;Annuncio, Avviso;Verbo;
άγγελμα/τος,τό;Messaggio, Avviso;Sostantivo;Terza declinazione
αγγελοειδής/ές;Simile a un angelo, Angelico;Aggettivo;Seconda classe
αγγελοθεσία/ας,η;Condizione angelica;Sostantivo;Prima declinazione
αγγελοπρεπής/ές;Conveniente ad un angelo;Aggetivo;Seconda classe
άγγελος/ου,ο;Messaggero/a, Angelo;Sostantivo;Seconda declinazione
Άγγελος,ο;Angelo;Sostantivo;Seconda declinazione
αγγελτικός/ή/όν;Che annuncia;Aggettivo;Prima classe
Αγγενίδας/α,ο;Angenida;Sostantivo;Prima declinazione, Eforo spartano
Αγγίτης/ου,ο;Angite;Sostantivo;Prima declinazione
αγγοθήκη/ης,η;Sottocoppa;Sostantivo;Prima declinazione
άγγος/ους,τό;Vaso, Recipiente;Sostantivo;Terza declinazione, Sostantivo contratto
αγγούριον,τό;Cocomero;Sostantivo;Seconda declinazione
Άγγρος/ου,ο;Angro;Sostantivo;Seconda declinazione
Αγδαβάτας/α,ο;Agdabata;Sostantivo;Prima declinazione
άγδην;Tirando, Conducendo;Avverbio;
Αγεάναξ/ακτος;Ageanatte;Sostantivo;Terza declinazione
αγείρω;Raduno, Raccolgo, Convoco;Verbo;
αγείτων/ον;Senza vicni, Solitario;Aggettivo;Seconda classe
Αγελάδας/α,ο;Agelada;Sostantivo;Prima declinazione
αγελάζω;Raduno;Verbo;
αγελαιοκομικός,ή,όν;Che riguarda la cura del bestiame;Aggettivo;Prima classe
αγελαῖος/αία/αῖον;Che appartiene alla mandria, Selvatico, Di bassa condizione, Vile;Aggettivo;Prima classe
αγελαιοτροφία/ας,η;Cura/Allevamento del bestiame;Sostantivo;Prima declinazione
αγελαιοτροφικός/ή/όν;Che riguarda la cura del bestiame;Aggettivo;Prima classe
αγελαιοτρόφος/ου,ο;Pastore, Chi ha cura del bestiame;Sostantivo;Seconda declinazione
αγελαιών/ῶνος,ο;Luogo per il bestiame;Sostantivo;Terza declinazione
αγέλαιοι,οι;I giovani soldati;Sostantivo;Seconda declinazione
Αγέλαος/ου,ο;Agelao;Sostantivo;Seconda declinazione
αγελαρχέω;Guido il gregge;Verbo;Verbo contratto
αγελάρχης/ου,ο;Capo, Guida di una mandria/compagnia;Sostantivo;Prima declinazione
αγελαστέω;Non rido;Verbo;Verbo contratto
αγελαστί/στεί;Senza scherzio/riso
αγελαστικός/ή/όν;Che conviene, Socievole;Aggettivo;Prima classe
αγέλαστος/ον;Che non ride, Serio, Triste;Aggettivo;Prima classe
αγελάτης/ου,ο;Capo di un armento, Capo delle agelai;Sostantivo;Prima declinazione
αγελεία/ας,η;Predatrice;Sostantivo;Prima declinazione, Epiteto di Atena
αγέλη/ης,η;Mandria, Gregge;Sostantivo;Prima declinazione
αγεληδά;In frotta/folla;Avverbio;
αγέληθεν;Dal gregge;Avverbio;
αγεληκόμος/ου,ο;Custode del gregge;Sostantivo;Seconda declinazione
αγελήτης/ου,ο;Che è parte di un armento;Sostantivo;Prima declinazione
αγέλφι;Nell'armento;Avverbio;
αγέλοιος/ον;Che non fa ridere, Spiacevole;Aggettivo;Prima classe
αγελοίως;Senza ridere;Avverbio;
Αγελόχεια,η;Agelochia;Sostantivo;Prima declinazione
αγεμόνευμα/τος,τό;Guida, Conduttore;Sostantivo;Terza declinazione
αγενεαλόγητος/ον;Senza genealogia;Aggettivo;Prima classe
αγένητος/ον;Non generato;Aggettivo;Prima classe
Αγήνωρ/ορος,ο;Agenore;Sostantivo;Terza declinazione
αγηρασία/ας,η;Eterna giovinezza;Sostantivo;Prima declinazione
αγήρως/ων;Mai vecchio, Eterno;Aggettivo;Seconda classe
Αγησίλαος/ου,ο;Agesilao;Sostantivo;Seconda declinazione
Ἆγις/ιδος,ο;Agide;Sostantivo;Terza declinazione
άγκυρα/ας,η;Ancora;Sostantivo;Prima declinazione
αγκών/ῶνος,ο;Gomito, Braccio;Sostantivo;Terza declinazione
Αγλαία/ας,η;Aglaia;Sostantivo;Prima declinazione
αγνέω;Ignoro, Non so;Verbo;Verbo contratto
άγνοια/ας,η;Ignoranza;Sostantivo;Prima declinazione
αγνός,ή,όν;Santo;Aggettivo;Prima classe
άγνυμι;Spezzo;Verbo;
αγνώμων/ον;Irriconoscente;Aggettivo;Seconda classe
αγορά/ᾶς,η;Piazza, Mercato;sostantivo;Prima declinazione
αγοράζω;Compro;Verbo;
αγορανόμος/ου,ο;Ispettore del mercato;Sostantivo;Seconda declinazione
αγρασία/ας,η;Acquisto;Sostantivo;Prima declinazione
αγορεύω;Dico;Verbo;
άγρα/ας,η;Caccia, Preda;Sostantivo;Prima declinazione
αγρεύω;Caccio, Pesco, Catturo;Verbo
άγριος/α/ον;Selvatico;Aggetivo;Prima classe
αγριότης/τητος,η;Ferocia;Sostantivo;Terza declinazione
άγροικος/ον;Rustico, Grossolano;Aggettivo;Prima classe
αγροίκως;Grossolanamente;Avverbio;
αγρός/οῦ,ο;Campagna;Sostantivo;Seconda declinazione
Αγροτέρα/ας,η;Agreste;Sostantivo;Prima declinazione, Epiteto di Artemide
αγρυπνία/ας,η;Insonnia;Sostantivo;Prima declinazione
αγυιά/ᾶς,η;Via, Strada, Dimora;Sostantivo;Prima declinazione
αγχίνοια/ας,η;Intelligenza;Sostantivo;Prima declinazione
Αγχίσης/ου,ο;Anchise;Sostantivo;Prima declinazione
αγχόνη/ης,η;Cappio;
άγχω;Strozzo, Soffoco;Verbo;
άγω;Comando, Guido;Verbo;
αγωγή/ῆς,η;Trasporto, Marcia;Sostantivo;Prima declinazione
αγών/ῶνος,ο;Lotta, Gara;Sostantivo;Terza declinazione
αγωνίζομαι;Lotto, Gareggio, Contendo;Verbo;Medio Deponente
αδαμάντιτος/η/ον;Di acciaio;Aggettivo;Prima classe
αδάπανος/ον;Poco costoso;Aggettivo;Prima classe
άδεια/ας,η;Mancanza di timore, Sicurezza;Sostantivo;Prima declinazione
αδελφή/ῆς,η;Sorella;Sostantivo;Prima declinazione
αδελφός/οῦ,ο;Fratello;Sostantivo;Seconda declinazione
αδεῶς;Senza paura, Con sicurezza;Avverbio;
ἀδηλος/ον;Oscuro, Invisibile;Aggettivo;Prima classe
αδῄωτος/ον;Incolume;Aggettivo;Prima classe
αδικέω;Commetto ingiustizia, Offendo;Verbo;Verbo contratto
αδίκημα/ατος,τό;Offesa;Sostantivo;Terza declinazione
αδικία/ας,η;Ingiustizia;Sostantivo;Prima declinazione
άδικος/ον;Ingiusto;Aggetivo;Prima classe
αδιόριστος/ον;Indeterminato;Aggetivo;Prima classe
Άδμητος/ου,ο;Admeto;Sostantivo;Seconda declinazione
αδόκιμος/ον;Riprorevole;Aggetivo;Prima classe
άδολος/ον;Leale;Aggetivo;Prima classe
αδοξέω;Disprezzo;Verbo;Verbo contratto
άδοξος/ον;Inglorioso;Aggetivo;Prima classe
αδορυφόρητος/ον;Privo di guardie del corpo;Aggettivo;Prima classe
Αδράστεια/ας,η;Adrastea;Sostantivo;Prima declinazione
αδυναμία/ας,η;Debolezza;Sostantivo;Prima declinazione
αδύνατος/ον;Impossibile, Incapace;Aggetivo;Prima classe
άδυτον/ου,τό;Camera segreta del tempio;Sostantivo;Seconda declinazione
ᾴδω;Canto;Verbo;
Άδωνις/ιδος,ο;Adone;Sostantivo;Terza declinazione
αεί;Sempre;Avverbio;
αείμνηστος/ον;Indimenticabile;Aggettivo;Prima classe
άελπτος/ον;Insperato, Insperato;Aggetivo;Prima classe
αέναος/ον;Eterno;Aggettivo;Prima classe
αέριος/α/ον;Aereo, Nebbioso;Aggetivo;Prima classe
αετός/οῦ,ο;Aquila;Sostantivo;Seconda declinazione
αζημίως;Senza danni;Avverbio;
άζυμος/ον;Azimo;Aggettivo;Prima classe
άζωστος/ον;Discinto;Aggettivi;Prima classe
αηδών/δόνος,η;Usignolo;Sostantivo;Terza declinazione
αηδῶς;Sgradevolmente;
αήρ/έρος,ο;Aria;Sostantivo;Terza declinazione
αήττητος/ον;Invitto;Aggetivo;Prima classe